StartDate,EndDate,Q1,Q2,Q3,Q4,SC0,workerId,assignmentId,hitId,Random ID
8/31/20 10:22,8/31/20 10:22,10,2,5,1,1,A2UETT92P31OCW,3LWJHTCVCCLTTCWOHC6X33G3QG1QFN,3BAWBGQGYKY5W7F5VQXUWE64D137VF,780733
8/31/20 10:22,8/31/20 10:22,1,1,5,1,1,A2C9OWG5Q41C47,3PJUZCGDJ6FEMY5FSWP57G9STCL893,32FESTC2NGPBV9L1HHV0GEWZ05LCUO,118199
8/31/20 10:22,8/31/20 10:22,7,3,6,1,1,A3UN1P6COG2PQF,3Y4W8Q93LZJO00E9C55HLQCQVV0VDB,374UMBUHN4OWVW6CHC5QBIAXHRECTX,169170
8/31/20 10:22,8/31/20 10:22,1,1,5,1,1,A20VSS4MA17WZ6,3A9AA95ATWLGR32KBNEZHMZGWQ25PT,30Z7M1Q8UXJP4XHQU0Y4EROM3B8A84,474649
8/31/20 10:22,8/31/20 10:22,4,2,4,1,1,AUB2Y2EREGBUZ,39LOEL67OS4S7WGZBNOVG366TKB38H,3B9J25CZ24CVGWTXSC001DEBF80CS8,290075
8/31/20 10:22,8/31/20 10:22,2,2,3,2,1,A3ZHMTWCKQZXO,3V0Z7YWSIYZ1XQGTFGL0P7LMY4C2VA,32FESTC2NGPBV9L1HHV0GEWZ05LCUO,844264
8/31/20 10:22,8/31/20 10:22,3,3,4,1,1,A3FJWFCS4WM9ER,3JJVG1YBEBWEN91ASIWYM2URFMN5B8,3TC2K6WK9F10ZUMMHL5P895ORNG28P,726171
8/31/20 10:22,8/31/20 10:22,1,2,3,2,1,A1NRWXWPCAXDYP,3LOZAJ85YDCT1FLOFVMIDSI7EFK2XD,3YLPJ8OXX7C0H92HT705HNJF2AKX4N,247319
8/31/20 10:22,8/31/20 10:22,3,3,5,1,1,AFQKLIYNCVZTL,3AZHRG4CU4JAP7BWGJBGNO0OAMZ30U,3YLPJ8OXX7C0H92HT705HNJF2AKX4N,458006
8/31/20 10:22,8/31/20 10:22,12,2,7,2,1,A2WC8C5H4HJJMC,3V5Q80FXIXQHLHEAV6FU6CT37KJ32E,30QQTY5GMJJ5JSQ5Q0NP0S4LZUU7UQ,402263
8/31/20 10:22,8/31/20 10:22,8,4,5,1,1,A29PKMLH38N148,3B837J3LDOV29IGA0BVWFS9NBSXSR9,39KV3A5D176P4FY11VSPLRMXEX8S7U,759086
8/31/20 10:22,8/31/20 10:22,4,3,2,1,1,A3JSIHZSHSB1H6,3X4JMASXCM8FS2F9VCQM57Y0YEC0BI,3TC2K6WK9F10ZUMMHL5P895ORNG28P,292576
8/31/20 10:22,8/31/20 10:22,6,2,6,1,1,AVI93H7ULL5CD,3QXNC7EIPIUW490CXSCQE13AAE9098,39RRBHZ0AT0OGHLBELPDNYZ3NUFZVY,311868
8/31/20 10:22,8/31/20 10:22,2,3,2,1,1,A24DSECWUBZC0Z,3Y9N9SS8LYA4ORCQSVZB2VK74B83DN,30Z7M1Q8UXJP4XHQU0Y4EROM3B8A84,174382
8/31/20 10:22,8/31/20 10:22,2,2,5,1,1,A3M6YNC0RI36QY,3PM8NZGV8YFATYN9H6CJ9AGAULXXQL,3FJ2RVH25Y50DZ5WMDB3850ZBTY29E,992165
8/31/20 10:22,8/31/20 10:22,7,1,5,2,1,AOMFEAWQHU3D8,34QN5IT0TZQWQ4H2S06CE58ZQ8R08J,3VGET1QSZZYIBWFAL02QIGPIKA57WP,689652
8/31/20 10:22,8/31/20 10:22,9,2,5,1,1,A12KWVQGUN4CCI,34T446B1C0DY277F9CMHGR4IGZC0CP,3TC2K6WK9F10ZUMMHL5P895ORNG28P,558537
8/31/20 10:22,8/31/20 10:22,5,3,5,1,1,A24GY3MMDG63PB,3QAPZX2QN4CL4PFDCJXB4EVW48Z02G,30Z7M1Q8UXJP4XHQU0Y4EROM3B8A84,827213
8/31/20 10:22,8/31/20 10:22,5,4,5,1,1,A1BGR7HG0ZKTBP,3JJVG1YBEBWEN91ASIWYM2URFMNB5E,3BDORL6HKJCJFHTKDN0VB39FT6HCRK,929263
8/31/20 10:22,8/31/20 10:22,11,3,5,1,1,AHLBHW32V4V5P,3S0TNUHWKTHQPOIW4CU7TCSIKX0D8P,3TX9T2ZCB801V6LG4VU990IHU3HZW8,236109
8/31/20 10:22,8/31/20 10:22,4,2,5,1,1,A20IPOTYTFSJAA,358010RM5ES2Y6JQ356TFXFIBDCXVF,3B9J25CZ24CVGWTXSC001DEBF80CS8,641120
8/31/20 10:22,8/31/20 10:22,6,2,5,1,1,A1XP8YUKYNN5XS,3GNCZX450IMDX9E16J5GPXF2O43AP4,3HEA4ZVWVCL9B9M7160KUWY997655R,458192
8/31/20 10:22,8/31/20 10:22,7,2,5,1,1,A18AUUO02PHP21,30X31N5D63PAA1UTY09AK2KDBOAASK,374UMBUHN4OWVW6CHC5QBIAXHRECTX,484349
8/31/20 10:22,8/31/20 10:22,8,3,4,1,1,A3JPUY4U8VX51B,33CID57104SNM30I5CXZL8SCDKA3L3,39KV3A5D176P4FY11VSPLRMXEX8S7U,447648
8/31/20 10:22,8/31/20 10:22,3,2,5,1,1,A24HQE7STL1RP,32N49TQG3GHQ2TBXSVEFVP4KAS4AVP,3VGET1QSZZYIBWFAL02QIGPIKA57WP,746571
8/31/20 10:22,8/31/20 10:22,3,2,5,1,1,A8LOSD0KY6DFA,3CN4LGXD5XNS4YQLO5R8PLME0Z9Y4A,32FESTC2NGPBV9L1HHV0GEWZ05LCUO,451860
8/31/20 10:22,8/31/20 10:22,2,4,2,1,1,A3S3Y7NJ8WTQG3,33IZTU6J810M6E2M9A1O4AVBC9ISX5,3VGET1QSZZYIBWFAL02QIGPIKA57WP,947778
8/31/20 10:22,8/31/20 10:22,4,3,3,1,1,A2CWJRAEFZ44HU,3NG53N1RLVIZELLM9LL2T697YG38PY,39RRBHZ0AT0OGHLBELPDNYZ3NUFZVY,363003
8/31/20 10:22,8/31/20 10:22,9,2,7,1,1,A28FDHF2PY98K1,3GNA64GUZE31RF3ZB0TOHRPQ1MO5QK,3JGHED38ECQM01AA01KE3DAYVI57YO,374632
8/31/20 10:22,8/31/20 10:22,2,2,5,1,1,A23ONWDSVICDCY,3HPZF4IVNMSVZ230HKXQ8JY2SCQYCN,3B9J25CZ24CVGWTXSC001DEBF80CS8,830750
8/31/20 10:22,8/31/20 10:22,5,2,4,1,1,AJE8ER94166G2,3NQL1CS15R7RYB9081SVYBMRDJ6VYJ,3TX9T2ZCB801V6LG4VU990IHU3HZW8,706349
8/31/20 10:22,8/31/20 10:22,3,3,5,1,1,A1C7XI68SED8JE,3LEP4MGT3GZ9RMG37OEHKEIJS3LDBO,37NXA7GVSS54BS47ZKY4FJO58L7VLB,378565
8/31/20 10:22,8/31/20 10:22,4,2,6,1,1,A3LULQZJ5C6SCU,336YQZE83VDA6057J7M70I5LRLR5MX,3FJ2RVH25Y50DZ5WMDB3850ZBTY29E,408893
8/31/20 10:22,8/31/20 10:22,9,4,5,1,1,A25MBFN47U4YM9,3DBQWDE4Y6XGOIQ7V817DXULWB15NX,3TX9T2ZCB801V6LG4VU990IHU3HZW8,263112
8/31/20 10:22,8/31/20 10:22,5,2,5,1,1,A1LV2VFAOBHUT6,3X1FV8S5JXQRCKO0EV6PRBFN8NGVGL,3BDORL6HKJCJFHTKDN0VB39FT6HCRK,254193
8/31/20 10:22,8/31/20 10:22,9,3,4,1,1,ASZRF5AQURI4V,37ZHEEHM6WLO7IBG1IWP23ABI0537U,3BDORL6HKJCJFHTKDN0VB39FT6HCRK,991077
8/31/20 10:22,8/31/20 10:22,2,2,3,1,1,A3V8C77FN4FLUA,388U7OUMF70289WYR9CC5M34G0F0RV,30QQTY5GMJJ5JSQ5Q0NP0S4LZUU7UQ,529119
8/31/20 10:22,8/31/20 10:22,9,4,5,1,1,A1XK77VP2S13YC,3WS1NTTKEYB55JRP0ECIOXPLDC40F0,31YWE12TEZBX0WK0V5YCKZ3PTCB7XI,711894
8/31/20 10:22,8/31/20 10:22,5,2,5,1,1,AN1TVSGY18E8O,3FTYUGLFSUK726ZU6EN4HSIRI7ZD5N,3RQVKZ7ZRJIWZGH37GDJU99TG3A272,856604
8/31/20 10:22,8/31/20 10:22,9,4,6,1,1,AVEBD8M8KXXKU,3FK0YFF9PZFAUHEV3Q5BRCIXV24VVA,3HEA4ZVWVCL9B9M7160KUWY997655R,413091
8/31/20 10:22,8/31/20 10:22,6,2,5,1,1,A2JP9IKRHNLRPI,39GAF6DQWRZU85YXWCLMKOBH6YXV1L,3TX9T2ZCB801V6LG4VU990IHU3HZW8,676773
8/31/20 10:22,8/31/20 10:22,2,2,5,1,1,A39F1BTPUIFYJY,3PW9OPU9PQJLBE0V821BIJE690512K,374UMBUHN4OWVW6CHC5QBIAXHRECTX,948749
8/31/20 10:22,8/31/20 10:22,5,2,5,1,1,AVRN9SXBSXNJ7,31Z0PCVWUKET6Z9AGX2GKGE9CZHT70,3HEA4ZVWVCL9B9M7160KUWY997655R,345600
8/31/20 10:22,8/31/20 10:22,5,1,5,1,1,A1I4G4ZZA8EHEC,34J10VATJFXD33YEIKCI60TV68TQIE,3RQVKZ7ZRJIWZGH37GDJU99TG3A272,574199
8/31/20 10:22,8/31/20 10:22,9,3,5,1,1,ARLB3SEELQ175,3MHW492WW0CR4UKMPY4K4GZK49SVMT,3RQVKZ7ZRJIWZGH37GDJU99TG3A272,314576
8/31/20 10:22,8/31/20 10:22,6,2,5,1,1,A2OJW55CFX18OB,3T3IWE1XG6M3CHEPCWBMK7V4HP9QTV,32FESTC2NGPBV9L1HHV0GEWZ05LCUO,187659
8/31/20 10:22,8/31/20 10:22,2,3,2,1,1,A189OOQZIULCDV,34V1S5K3GS0RIKMRZHS7N2D1NHV69F,39RRBHZ0AT0OGHLBELPDNYZ3NUFZVY,195066
8/31/20 10:22,8/31/20 10:22,2,3,6,1,1,A2C84POENS2UNY,3OS46CRSLFYPFRZU2IX3FK2YE9DV6J,39RRBHZ0AT0OGHLBELPDNYZ3NUFZVY,298659
8/31/20 10:22,8/31/20 10:22,8,2,4,1,1,A3THU9PP29TLAS,3DPNQGW4LLEQLEGFIMWG6U2L1PH64J,3TX9T2ZCB801V6LG4VU990IHU3HZW8,523777
8/31/20 10:22,8/31/20 10:22,3,5,5,1,1,AD4DOXEQ7T6TF,3OHYZ19UGC4VC920RJS10XACEZ7AON,3RQVKZ7ZRJIWZGH37GDJU99TG3A272,861252
8/31/20 10:22,8/31/20 10:23,6,4,5,1,1,A3I9FTHSULHPYS,3ZQIG0FLQEFN96E0T0A7DE1B2B6VWK,3BDORL6HKJCJFHTKDN0VB39FT6HCRK,614628
8/31/20 10:22,8/31/20 10:23,10,5,5,1,1,AGQPTDG6ZF3T3,3NXNZ5RS1AWAMK0WIRXZTGDXISF97H,3TC2K6WK9F10ZUMMHL5P895ORNG28P,345619
8/31/20 10:22,8/31/20 10:23,9,6,7,1,1,A1JNK18ZXH7FTK,3WOKGM4L71FZBW4IZHV8BRYZ5DV0OM,3FJ2RVH25Y50DZ5WMDB3850ZBTY29E,168313
8/31/20 10:22,8/31/20 10:23,1,4,5,1,1,A2G4OLIRZSMTLQ,3TXMY6UCAENMQ0CEQAGWVXV0T39QCC,3B9J25CZ24CVGWTXSC001DEBF80CS8,455495
8/31/20 10:22,8/31/20 10:23,5,5,5,1,1,A3UV5XUM7L23FE,3TE3O85730794JZC6WGQOAWJDYZ2RH,3HEA4ZVWVCL9B9M7160KUWY997655R,744590
8/31/20 10:22,8/31/20 10:23,8,2,5,1,1,A1HW480XVGSVRI,31QTRG6Q2TCETRC4MPJWSJX9RV5YP1,3TX9T2ZCB801V6LG4VU990IHU3HZW8,974170
8/31/20 10:22,8/31/20 10:23,5,2,7,1,1,A2YCDNVHMPVFG6,39OWYR0EPKQ22ENA8MNRGPJ5PPIYFY,3RQVKZ7ZRJIWZGH37GDJU99TG3A272,392109
8/31/20 10:22,8/31/20 10:23,5,3,6,1,1,A3BTK49X4ITNXJ,3EF8EXOTT1ULHAY3FN73H00NBBR1J7,37NXA7GVSS54BS47ZKY4FJO58L7VLB,184908
8/31/20 10:22,8/31/20 10:23,5,4,5,1,1,A23T7YICI4HJML,3HOSI13XHZN26JENLK5NF46JVOXDDV,374UMBUHN4OWVW6CHC5QBIAXHRECTX,470177
8/31/20 10:22,8/31/20 10:23,5,4,7,1,1,A3GZXU4FUJTKZD,3IAEQB9FMEJ1FPEE2FAD7SV4243DW4,3JGHED38ECQM01AA01KE3DAYVI57YO,797477
8/31/20 10:22,8/31/20 10:23,5,3,6,1,1,A25FWBBZ1OZ0ZV,33L7PJKHCGXX6DETQ2UMYGA4NJNT8N,3YLPJ8OXX7C0H92HT705HNJF2AKX4N,260463
8/31/20 10:22,8/31/20 10:23,5,3,5,1,1,A1ENE99INLYD1G,3SPJ0334212I7G96RCECVNBXIWZYJ1,3TX9T2ZCB801V6LG4VU990IHU3HZW8,424735
8/31/20 10:22,8/31/20 10:23,12,2,5,1,1,AEHTH8TN3VSF0,33CUSNVVNNBE8TM5N4JR7KEH96388E,3YLPJ8OXX7C0H92HT705HNJF2AKX4N,261695
8/31/20 10:22,8/31/20 10:23,12,1,5,1,1,A3RI9RLBGPG2B6,39KFRKBFINUW8R037P6H3JSJHQ9YOK,39TX062QX0NFZDJDTTVM7IR9OAOX32,519129
8/31/20 10:22,8/31/20 10:23,7,3,6,1,1,A10XXTD6EL414J,3UOUJI6MTDD2LRUQYFWOJBDZX63XUQ,39XCQ6V3KX35UDML6PAPM2C952H567,437264
8/31/20 10:22,8/31/20 10:23,11,2,6,1,1,A1HAUHRSK9158F,3NQL1CS15R7RYB9081SVYBMRDJ6YVM,3FJ2RVH25Y50DZ5WMDB3850ZBTY29E,752046
8/31/20 10:22,8/31/20 10:23,3,2,3,1,1,AZV8213BMVMOT,3SBEHTYCWN2MC5P09UTCJMWX5HAYIP,37NXA7GVSS54BS47ZKY4FJO58L7VLB,739122
8/31/20 10:22,8/31/20 10:23,10,2,5,1,1,ANGD2BJAYQGQI,3P59JYT76LJMKYC4ALLLOPX11JW2TU,3VGET1QSZZYIBWFAL02QIGPIKA57WP,750854
8/31/20 10:22,8/31/20 10:23,9,2,7,1,1,A331R5HDTSQZ7Q,3KOPY89HM81HRDCI2RLM5TFK9V53J1,32FESTC2NGPBV9L1HHV0GEWZ05LCUO,363741
8/31/20 10:22,8/31/20 10:23,1,2,2,1,1,A2TBR5A4X7WQ03,39GXDJN2OTDCJ5IIVXU1ZYYPK448VJ,3BDORL6HKJCJFHTKDN0VB39FT6HCRK,824854
8/31/20 10:22,8/31/20 10:23,1,2,5,1,1,A1VEXF7BDDZIMI,3J2UYBXQQLB9MQYEZL9EURC8KD1603,3B9J25CZ24CVGWTXSC001DEBF80CS8,381103
8/31/20 10:22,8/31/20 10:23,4,4,4,1,1,A2YJZYTC8WOIZT,31IBVUNM9SYLYKS53B079QFB78GVFM,3YLPJ8OXX7C0H92HT705HNJF2AKX4N,325649
8/31/20 10:22,8/31/20 10:23,4,3,2,1,1,A40O6S62MI2VC,3XXU1SWE8MUA9SAHPYQQAWEUGWR0AN,3B9J25CZ24CVGWTXSC001DEBF80CS8,328814
8/31/20 10:23,8/31/20 10:23,6,1,5,2,1,A1E8PIR82KIJEP,3RKNTXVS3MXR8GSI8ZDSMZ47X874A7,39XCQ6V3KX35UDML6PAPM2C952H567,796875
8/31/20 10:22,8/31/20 10:23,5,3,6,1,1,A24FJ6H6HCFXRF,3I0BTBYZAXKB5A8K5446DIW1JNU0YX,3M67TQBQQGNPI200ZS4IENJXNHQA9T,738363
8/31/20 10:22,8/31/20 10:23,9,3,5,1,1,ABYHWSOJ8C35D,3YT88D1N08XC2XI0KCLY68FXOK53K0,39RRBHZ0AT0OGHLBELPDNYZ3NUFZVY,708247
8/31/20 10:22,8/31/20 10:23,3,3,5,1,1,A15PQKD8DDX57Y,3LS2AMNW5FPNZP9HGFPNQXPHIHSQO9,3BDORL6HKJCJFHTKDN0VB39FT6HCRK,937542
8/31/20 10:22,8/31/20 10:23,2,3,2,1,1,A22N5ONOWPNZGB,3HL8HNGX450N1DF20AVBH8QEGGY9FL,3JGHED38ECQM01AA01KE3DAYVI57YO,398290
8/31/20 10:22,8/31/20 10:23,5,3,5,1,1,A3TFAFCMAEWSY4,3D4CH1LGEASTFDBXBU1TZTQQHVY9GK,3BAWBGQGYKY5W7F5VQXUWE64D137VF,334186
8/31/20 10:22,8/31/20 10:23,4,2,4,1,1,A2HJK77HH1IDTM,3OS4RQUCR9E6P6UZYU978EL44G1BFX,3BDORL6HKJCJFHTKDN0VB39FT6HCRK,335218
8/31/20 10:22,8/31/20 10:23,1,2,3,1,1,AINTAX40L5VBZ,3BV8HQ2ZZW05N3WWRN67JXOLTZD6AU,39TX062QX0NFZDJDTTVM7IR9OAOX32,827919
8/31/20 10:23,8/31/20 10:23,3,3,3,1,1,AB09F0Q4T10TE,354GIDR5ZB5E8FCZXWTXLQ2H7AF00W,3M67TQBQQGNPI200ZS4IENJXNHQA9T,543896
8/31/20 10:22,8/31/20 10:23,5,4,5,1,1,A6RYBSL53P98X,3OXV7EAXLEP53IXBI8RXWPAFNPL36V,3RQVKZ7ZRJIWZGH37GDJU99TG3A272,741510
8/31/20 10:23,8/31/20 10:23,4,4,5,1,1,AOB0ZY5I2OSEM,3Q5ZZ9ZEVOEVLB33P6COV04Q7G285C,30Z7M1Q8UXJP4XHQU0Y4EROM3B8A84,971384
8/31/20 10:22,8/31/20 10:23,6,3,5,1,1,A3SWH2Q7FMUO8M,3TY7ZAOG5FJGL5J31P3F4AHQL8L0K2,3FJ2RVH25Y50DZ5WMDB3850ZBTY29E,495918
8/31/20 10:23,8/31/20 10:23,10,3,4,1,1,A39ROW50DWRRKT,3Z4GS9HPNV9681C33UZFFKMRN2R773,3M67TQBQQGNPI200ZS4IENJXNHQA9T,827926
8/31/20 10:23,8/31/20 10:23,7,5,2,1,1,A3JRQJKFG066X0,3DHE4R9OCWAIFTQYQLMEP6ICBPOG2Z,30Z7M1Q8UXJP4XHQU0Y4EROM3B8A84,319820
8/31/20 10:22,8/31/20 10:23,5,2,6,1,1,A22FI6U4HKTGYI,3KKG4CDWKIXD3XIDGTZSQ4TNRQP94X,39TX062QX0NFZDJDTTVM7IR9OAOX32,564160
8/31/20 10:23,8/31/20 10:23,3,5,6,1,1,A3I9XLIHPPWPN1,3IFS6Q0HJIIPGJDRAO1N108WOWESI5,3M67TQBQQGNPI200ZS4IENJXNHQA9T,903755
8/31/20 10:22,8/31/20 10:23,7,2,7,2,1,A331R5HDTSQZ7Q,3KOPY89HM81HRDCI2RLM5TFK9V53J1,32FESTC2NGPBV9L1HHV0GEWZ05LCUO,540025
8/31/20 10:23,8/31/20 10:23,7,2,5,1,1,A25BQA9JG8DZBN,36U2A8VAG1YDI0FO9XEOW2BAXLZYK0,3YLPJ8OXX7C0H92HT705HNJF2AKX4N,858514
8/31/20 10:22,8/31/20 10:23,6,2,5,1,1,A1VY8K01T42X3H,3PDJHANYK5FKXQ4AXTGZ0JBP6U36H5,32FESTC2NGPBV9L1HHV0GEWZ05LCUO,923686
8/31/20 10:22,8/31/20 10:23,4,2,6,1,1,A2E9KS4RK6T8CW,351SEKWQS0G5ADK0YD4QYUTD42PDMD,37NXA7GVSS54BS47ZKY4FJO58L7VLB,929593
8/31/20 10:23,8/31/20 10:23,10,1,5,1,1,A3AMIVC0TBW36C,337RC3OW0517YC21PM3543KV442VLR,30QQTY5GMJJ5JSQ5Q0NP0S4LZUU7UQ,214144
8/31/20 10:23,8/31/20 10:23,4,3,3,2,1,A1KQ4XZM996XWW,3ZY8KE4ISJ2IP9IEHRB1LPJPEAPQVB,30Z7M1Q8UXJP4XHQU0Y4EROM3B8A84,217644
8/31/20 10:23,8/31/20 10:23,3,3,3,2,1,A23MV2DLF3L63S,358010RM5ES2Y6JQ356TFXFIBDCVXD,3TC2K6WK9F10ZUMMHL5P895ORNG28P,354676
8/31/20 10:23,8/31/20 10:23,10,3,6,1,1,A3E7YZ2BY35KQ8,3FTOP5WARFNLALDLJ4333VHD6JL0J3,3BAWBGQGYKY5W7F5VQXUWE64D137VF,161650
8/31/20 10:23,8/31/20 10:23,4,3,3,1,1,A2B227N1NQYS56,3WYGZ5XF3WEGME3FARMZEGN9G03SKG,3M67TQBQQGNPI200ZS4IENJXNHQA9T,112166
8/31/20 10:23,8/31/20 10:23,1,3,5,2,1,A8T9PW7KD9Z6P,33LKR6A5KEJFVDU8RHL7J6NW9DHT13,39RRBHZ0AT0OGHLBELPDNYZ3NUFZVY,513511
8/31/20 10:23,8/31/20 10:23,1,1,2,2,1,A1G570K7YXIZ80,38SKSKU7R1W2C6I1QF4MPEU1W27LIL,3HEA4ZVWVCL9B9M7160KUWY997655R,332965
8/31/20 10:23,8/31/20 10:23,5,3,4,1,1,A87D3K9YVKTQ7,37UQDCYH6XU8JRDZLS2VLY2U9KXV7I,3RQVKZ7ZRJIWZGH37GDJU99TG3A272,754978
8/31/20 10:23,8/31/20 10:23,10,2,6,1,1,A33Y36Y252Z30U,3PJUZCGDJ6FEMY5FSWP57G9STCL984,3FJ2RVH25Y50DZ5WMDB3850ZBTY29E,677562
8/31/20 10:23,8/31/20 10:23,7,3,4,1,1,AQ929238QOYYO,3Z7VU45IPYGBHP37X9AP5UODU93Z1P,39XCQ6V3KX35UDML6PAPM2C952H567,953106
8/31/20 10:23,8/31/20 10:23,1,1,2,2,1,AEXA1CPBHT85H,33FOTY3KEMKY9WSX5VQHUWNSLRI1CT,39XCQ6V3KX35UDML6PAPM2C952H567,868450
8/31/20 10:23,8/31/20 10:23,2,1,5,2,1,A1UZXOMO6BS6I2,37M28K1J0QCHBYB3B60WS1TQF5XJAD,30QQTY5GMJJ5JSQ5Q0NP0S4LZUU7UQ,277608
8/31/20 10:23,8/31/20 10:23,3,2,5,1,1,AOAZKIVT0SZVC,3E13VNJ1NNUPMZEXX5M35ZLNYW21IV,37NXA7GVSS54BS47ZKY4FJO58L7VLB,281920
8/31/20 10:23,8/31/20 10:23,9,1,5,1,1,A21Q8ZJWAYFHI1,32KTQ2V7RDET7N7JMXZOCYANDHA9MS,3HEA4ZVWVCL9B9M7160KUWY997655R,771746
8/31/20 10:23,8/31/20 10:23,1,3,5,2,1,A3S5DTVF6EDJV5,38BQUHLA9WZWEABPOMI69O5C8GWOML,39KV3A5D176P4FY11VSPLRMXEX8S7U,102905
8/31/20 10:23,8/31/20 10:24,7,5,2,1,1,A1Z8MIHVZD4FI1,3PIWWX1FJJ5SCRE75CD9L0W95SRJJT,31YWE12TEZBX0WK0V5YCKZ3PTCB7XI,278264
8/31/20 10:23,8/31/20 10:24,3,3,5,1,1,A2UQ78DS0LWWDO,3HUTX6F6VUM6767WE4ZMUFRE2BF2O8,37NXA7GVSS54BS47ZKY4FJO58L7VLB,613618
8/31/20 10:23,8/31/20 10:24,3,3,2,1,1,A1TWZ5EHT3OBJK,3MMN5BL1WZ37SLI35OYELL71DP0M3O,39RRBHZ0AT0OGHLBELPDNYZ3NUFZVY,417835
8/31/20 10:23,8/31/20 10:24,6,4,6,1,1,ASOX786M5BTFR,3VBEN272MKYBKS7WK01KGOVG9JNGS2,3HEA4ZVWVCL9B9M7160KUWY997655R,988886
8/31/20 10:23,8/31/20 10:24,6,3,5,1,1,AY5KL61IB7LW7,3S06PH7KSR38EOYB5RLSE25A6RU1DT,3TC2K6WK9F10ZUMMHL5P895ORNG28P,163010
8/31/20 10:23,8/31/20 10:24,2,3,3,1,1,A3PBA2ZHVZFGA3,3BF51CHDTV9PJFIVV40IRI1YTRH0HY,39TX062QX0NFZDJDTTVM7IR9OAOX32,330441
8/31/20 10:23,8/31/20 10:24,1,4,5,1,1,APV45AS5K8PWK,3IRIK4HM3AJTGITUB12YPSE9T2Y6CW,31YWE12TEZBX0WK0V5YCKZ3PTCB7XI,133862
8/31/20 10:23,8/31/20 10:24,6,3,5,1,1,A1JGT5SL79K2PU,32SCWG5HIH3CA72YG6O49SDGSLD6PA,3BAWBGQGYKY5W7F5VQXUWE64D137VF,424746
8/31/20 10:23,8/31/20 10:24,3,3,6,1,1,A2TZHR6NA8ESUB,3X87C8JFV6A2XH1ANW6WA2ZIF6VSQ8,3JGHED38ECQM01AA01KE3DAYVI57YO,166532
8/31/20 10:24,8/31/20 10:24,1,2,3,2,1,A3ORD55TVUBUGT,3WQ3B2KGE8FFZR0RRVUMJCHA36IB1W,3HEA4ZVWVCL9B9M7160KUWY997655R,550000
8/31/20 10:23,8/31/20 10:24,5,2,5,1,1,A25UU5VRE9RM2M,3QIYRE09Y3GH00POULZVA7H4KVW1NB,3BAWBGQGYKY5W7F5VQXUWE64D137VF,197563
8/31/20 10:23,8/31/20 10:24,9,1,5,1,1,ANV3ZKKIO6IF6,3EO896NRAWUMQUACH6RDN6JI3UHTJ7,3FJ2RVH25Y50DZ5WMDB3850ZBTY29E,835838
8/31/20 10:24,8/31/20 10:24,5,2,5,1,1,A2CQOW6CYHLWZ6,3B2X28YI3WEA6D1OX163E88RBHYB6U,39TX062QX0NFZDJDTTVM7IR9OAOX32,343324
8/31/20 10:23,8/31/20 10:24,5,5,3,1,1,A1BS7YLK3JFSC5,3OSWBBLG1EWG4PJ4CK6Z9B9BB69DXX,3JGHED38ECQM01AA01KE3DAYVI57YO,786195
8/31/20 10:23,8/31/20 10:24,3,1,4,1,1,A8G1C4PUPQ2G0,3XC1O3LBOSLSLKYCKR3Q3LWA7JNLT2,39RRBHZ0AT0OGHLBELPDNYZ3NUFZVY,472057
8/31/20 10:23,8/31/20 10:24,10,3,5,1,1,A2P5QQ2ASZUSFM,31EUONYN2V2F4X5Y2EJXWKOPZ97VO8,30QQTY5GMJJ5JSQ5Q0NP0S4LZUU7UQ,285216
8/31/20 10:24,8/31/20 10:24,5,2,6,1,1,ASVU8IUWURJTW,3P1L2B7AD1OC8ST4OAHR9BQN8B6OLJ,39KV3A5D176P4FY11VSPLRMXEX8S7U,549473
8/31/20 10:24,8/31/20 10:24,5,2,5,1,1,A2855PBA3W1O2T,3RU7GD8VPOSHX50VNJR7AX98AA9SPH,374UMBUHN4OWVW6CHC5QBIAXHRECTX,397976
8/31/20 10:24,8/31/20 10:24,6,2,5,1,1,A2VUCUNGWVN4R3,3X08E93BHVH401KT1APV3SMZXGN664,39TX062QX0NFZDJDTTVM7IR9OAOX32,313354
8/31/20 10:24,8/31/20 10:24,1,4,5,1,1,A17E0D1D5Z9P58,3OLF68YTN9016WP7SG9BD31YMYGAF1,3TC2K6WK9F10ZUMMHL5P895ORNG28P,470191
8/31/20 10:24,8/31/20 10:24,8,4,5,1,1,A1U83HHDT4D15Y,3DI28L7YXADD6UCB1MWCKKNV63VE1Z,3BAWBGQGYKY5W7F5VQXUWE64D137VF,554897
8/31/20 10:24,8/31/20 10:24,8,2,5,1,1,A1TARNH07A75CG,3PWWM24LHSX3MEKG7NAQXT1EN6B82B,3RQVKZ7ZRJIWZGH37GDJU99TG3A272,746333
8/31/20 10:24,8/31/20 10:24,1,2,5,1,1,AV61EFCFJ9WQS,32ZKVD547FMB9UE6EZ8575W71QWB3O,39KV3A5D176P4FY11VSPLRMXEX8S7U,156383
8/31/20 10:24,8/31/20 10:24,8,3,5,1,1,A2SE4O6SDD35LU,3M81GAB8A0I3GVK8CAK1KDPIBI9QB5,3M67TQBQQGNPI200ZS4IENJXNHQA9T,298975
8/31/20 10:23,8/31/20 10:25,6,3,6,1,1,A2C2EFJKTJ8TA5,31N2WW6R9RP1MBQMJ1U1QVNSGOO3FY,3M67TQBQQGNPI200ZS4IENJXNHQA9T,632462
8/31/20 10:24,8/31/20 10:25,8,3,5,1,1,A3NUWM483YQZ7X,3ERMJ6L4DYRPT4JQ7014Y2JHIRMM7T,31YWE12TEZBX0WK0V5YCKZ3PTCB7XI,148205
8/31/20 10:24,8/31/20 10:25,10,2,5,1,1,AXXNVWQAB85M8,3JBT3HLQF81EYHM9IBLF6Q6BXPAZPU,32FESTC2NGPBV9L1HHV0GEWZ05LCUO,217293
8/31/20 10:24,8/31/20 10:25,7,1,5,1,1,A3UDIOJMVSIXHB,39PAAFCODMZVHPA6YV5WQUUCYHOVTU,3BDORL6HKJCJFHTKDN0VB39FT6HCRK,157603
8/31/20 10:24,8/31/20 10:25,2,4,5,1,1,A20IA63WXHF683,3F6KKYWMNB0BSV50AEJQB9ID9SZDND,3TC2K6WK9F10ZUMMHL5P895ORNG28P,834939
8/31/20 10:24,8/31/20 10:25,1,3,1,1,1,A2XB0M7OCU5111,3HSYG7LRBJXIYVQ75IDXNUWZZ6RKKS,3JGHED38ECQM01AA01KE3DAYVI57YO,273963
8/31/20 10:24,8/31/20 10:25,2,6,5,1,1,A3TNYCMC5H9B2Z,3FTYUGLFSUK726ZU6EN4HSIRI7Z5DF,3YLPJ8OXX7C0H92HT705HNJF2AKX4N,275593
8/31/20 10:24,8/31/20 10:25,3,2,5,1,1,AQVT6WJZYPKCF,34MAJL3QP4MROVTXZKYIZRQ1RYF34A,3TC2K6WK9F10ZUMMHL5P895ORNG28P,816179
8/31/20 10:25,8/31/20 10:25,3,4,3,1,1,A3OZ8KF0HWSVWK,3KIBXJ1WD5T1OMBM3A5QUBD8JB1OKG,37NXA7GVSS54BS47ZKY4FJO58L7VLB,299651
8/31/20 10:25,8/31/20 10:25,1,3,5,1,1,A3QJ4BVZ90PNJC,3URFVVM165HRQMU5ZXK9GWTA561UZK,30Z7M1Q8UXJP4XHQU0Y4EROM3B8A84,965447
8/31/20 10:24,8/31/20 10:25,6,2,5,1,1,A2DU1W8YJKIR5L,3H7Z272LX76UTS553AU6YBVDIG2PL1,374UMBUHN4OWVW6CHC5QBIAXHRECTX,731926
8/31/20 10:25,8/31/20 10:25,5,3,5,1,1,A19ASQG4L450XO,3300DTYQT2G1NYWSM1MRLLV3EFNQE6,3FJ2RVH25Y50DZ5WMDB3850ZBTY29E,926324
8/31/20 10:25,8/31/20 10:25,6,4,6,1,1,A1SP6M17SM07M2,3GNA64GUZE31RF3ZB0TOHRPQ1MOQ55,39XCQ6V3KX35UDML6PAPM2C952H567,885977
8/31/20 10:24,8/31/20 10:25,4,2,5,1,1,AY8B4WLCH20MW,3KJYX6QCM9A13ME1M1RSOO730FYJVE,39XCQ6V3KX35UDML6PAPM2C952H567,333294
8/31/20 10:25,8/31/20 10:25,8,2,5,1,1,A1RATFICCKLCQ,3NL0RFNU0FMXKT14KQQHGD732K1K42,3VGET1QSZZYIBWFAL02QIGPIKA57WP,539366
8/31/20 10:25,8/31/20 10:26,2,2,3,1,1,A17IWIGM486QWX,3KAKFY4PGU1LW2SCK90MTS0KWGGI34,3VGET1QSZZYIBWFAL02QIGPIKA57WP,130355
8/31/20 10:25,8/31/20 10:26,1,3,5,1,1,A3K6QLTTQP9IQ8,3KXIR214I4F23DXEVKKDGHL9LKF420,3BAWBGQGYKY5W7F5VQXUWE64D137VF,878318
8/31/20 10:25,8/31/20 10:26,1,2,5,2,1,APRPQVDB8ADYJ,3ZWFC4W1UU6T5DBOURVX8TQ8M24RFQ,39XCQ6V3KX35UDML6PAPM2C952H567,120245
8/31/20 10:25,8/31/20 10:26,6,2,5,1,1,A2O7BDEL3NWQVP,3BEFOD78W6SSAH17523XVQZ7RPWM49,3RQVKZ7ZRJIWZGH37GDJU99TG3A272,526960
8/31/20 10:25,8/31/20 10:26,1,1,4,2,1,A38GFVEBNQNSUJ,3LYA37P8IQMH5SMDZ504ORD9CCIKB8,3VGET1QSZZYIBWFAL02QIGPIKA57WP,640861
8/31/20 10:26,8/31/20 10:26,1,1,2,2,1,A2TDEX0T7XEPLU,3QRYMNZ7FYGI9K1XW4J5GD0ZCEMTNB,3TX9T2ZCB801V6LG4VU990IHU3HZW8,694635
8/31/20 10:26,8/31/20 10:26,4,3,5,1,1,A2L9XPGI57NWK9,37M28K1J0QCHBYB3B60WS1TQF5YAJ5,3FJ2RVH25Y50DZ5WMDB3850ZBTY29E,977991
8/31/20 10:22,8/31/20 10:26,7,3,5,1,1,AK7FDS2KRJZLA,34FNN24DCM8A0HUL2AAIUDSS0V4Y5F,30Z7M1Q8UXJP4XHQU0Y4EROM3B8A84,492083
8/31/20 10:26,8/31/20 10:26,1,2,5,1,1,A17FG9GVV76H3,304SM51WA33FTBZL4E96FD4JT6VBSG,31YWE12TEZBX0WK0V5YCKZ3PTCB7XI,940476
8/31/20 10:26,8/31/20 10:26,4,2,6,1,1,A1RFA3ASEGMLBJ,39OWYR0EPKQ22ENA8MNRGPJ5PPJYFZ,30QQTY5GMJJ5JSQ5Q0NP0S4LZUU7UQ,286436
8/31/20 10:27,8/31/20 10:27,9,2,5,1,1,A23SGBJULXN5DO,3A0EX8ZRN8NCPXBU3K1VXZSKARQYBG,3VGET1QSZZYIBWFAL02QIGPIKA57WP,540448
8/31/20 10:28,8/31/20 10:28,5,2,5,1,1,A2C83KDE5MUZQP,3JMSRU9HQITTS6S980G1R8UBV73EVP,3YLPJ8OXX7C0H92HT705HNJF2AKX4N,895052
8/31/20 10:27,8/31/20 10:28,2,2,5,1,1,A18DFC629K1M43,3XUHV3NRVKXOEM4WSA6U8DXPAZS5HO,3B623HUYJ3PT4T3KB0KVZRISPHES8H,948877
8/31/20 10:27,8/31/20 10:28,4,3,5,1,1,A1QZWYT2N1F54T,3TR2532VIPTGOWZ0LTJKCWR4JM86JB,30QQTY5GMJJ5JSQ5Q0NP0S4LZUU7UQ,138373
8/31/20 10:27,8/31/20 10:28,8,6,6,1,1,AV2YHGDT3JFDG,3URFVVM165HRQMU5ZXK9GWTA561UZK,30Z7M1Q8UXJP4XHQU0Y4EROM3B8A84,330159
8/31/20 10:28,8/31/20 10:28,4,2,6,1,1,A32XRUZ88ESX6K,3EA3QWIZ4IUQVJQ6ZO6DB54IQFUITM,30QQTY5GMJJ5JSQ5Q0NP0S4LZUU7UQ,407312
8/31/20 10:28,8/31/20 10:28,1,3,5,2,1,A2TKFZQRNAZS1L,33SA9F9TRXT67VSEYALXDADP2G5EWZ,32FESTC2NGPBV9L1HHV0GEWZ05LCUO,459692
8/31/20 10:28,8/31/20 10:28,7,2,5,1,1,A34WMGSYBIMEUQ,3ZAZR5XV01HV4SD5D6Z9MQ74Y6WCZU,374UMBUHN4OWVW6CHC5QBIAXHRECTX,828263
8/31/20 10:28,8/31/20 10:28,5,2,6,1,1,A3R1MDZAAEJEM7,3SKEMFQBZ34Y3UO6WTGUXPN846YK8A,3HEA4ZVWVCL9B9M7160KUWY997655R,962584
8/31/20 10:28,8/31/20 10:28,5,1,5,1,1,A2TSNP5APQS62M,37WLF8U1WPPBZG5I3EJWDBRHYB8K6O,32FESTC2NGPBV9L1HHV0GEWZ05LCUO,353524
8/31/20 10:28,8/31/20 10:29,6,1,2,1,1,AK35CJJEYFVYK,3K3R2QNK8B2CKVCSVZQA38RHQ3E9UL,30Z7M1Q8UXJP4XHQU0Y4EROM3B8A84,859209
8/31/20 10:28,8/31/20 10:29,5,2,5,1,1,A2A3DDR0PDOIYL,3LRLIPTPEQ8CMIHLTR08TGT3UUYKAE,3YLPJ8OXX7C0H92HT705HNJF2AKX4N,190205
8/31/20 10:28,8/31/20 10:29,11,3,4,1,1,A21SDT0AHZO52X,3U0SRXB7CD45T5O5SFEAGYZHOTRNRU,3BAWBGQGYKY5W7F5VQXUWE64D137VF,724413
8/31/20 10:29,8/31/20 10:29,2,2,4,2,1,A2NJ7N8INZOB00,39LNWE0K4UV5VW5VZTWNG1QK9T1IUD,3BAWBGQGYKY5W7F5VQXUWE64D137VF,777920
8/31/20 10:29,8/31/20 10:29,11,4,5,1,1,A2MM1WY6U22OZG,34J10VATJFXD33YEIKCI60TV68VIQ8,31YWE12TEZBX0WK0V5YCKZ3PTCB7XI,904269
8/31/20 10:28,8/31/20 10:29,3,3,5,1,1,A1SA2LYZ8BCYT1,30MVJZJNHMC36F1YJ0MWW6I69NGJ9Z,39TX062QX0NFZDJDTTVM7IR9OAOX32,311559
8/31/20 10:28,8/31/20 10:29,6,3,2,1,1,A1BGPZR5JNRIFW,3DZQRBDBSLEAQGV8PLU0XU675EJS37,30QQTY5GMJJ5JSQ5Q0NP0S4LZUU7UQ,603094
8/31/20 10:29,8/31/20 10:29,3,4,5,1,1,AV14EG1J5C4M4,3HHRAGRYX84H7QSVZDE142ZS8HQO9N,374UMBUHN4OWVW6CHC5QBIAXHRECTX,381135
8/31/20 10:29,8/31/20 10:29,10,3,5,1,1,A2NHRVL7OPKOI9,3P529IW9KYKI2FGBP7Y1MHH9GAGLFV,37NXA7GVSS54BS47ZKY4FJO58L7VLB,998084
8/31/20 10:29,8/31/20 10:29,4,2,4,2,1,A39PLWU3RFII1S,3OF2M9AATGNDNQPT5JG7A9KC3F5ZKU,39KV3A5D176P4FY11VSPLRMXEX8S7U,423858
8/31/20 10:29,8/31/20 10:30,8,2,5,1,1,A3RJP54KNZBMB7,3IXQG4FA2TXXOW3MV89FYIZT1I6B95,3B9J25CZ24CVGWTXSC001DEBF80CS8,582874
8/31/20 10:29,8/31/20 10:30,4,2,3,1,1,AAFCXJPFD91GI,33PPUNGG384ZAU2OV3P4BL6QY7ZZRN,37NXA7GVSS54BS47ZKY4FJO58L7VLB,663766
8/31/20 10:30,8/31/20 10:30,3,2,5,1,1,A36EQ11HKMCZ9Q,392CY0QWG1Q6EYBGKN553XSQAGDI4Q,39TX062QX0NFZDJDTTVM7IR9OAOX32,675221
8/31/20 10:30,8/31/20 10:30,1,3,6,2,1,AKZUP3VY594E8,3HPZF4IVNMSVZ230HKXQ8JY2SCSYCP,3JGHED38ECQM01AA01KE3DAYVI57YO,130489
8/31/20 10:29,8/31/20 10:30,7,4,5,1,1,A2MEFJWLG046O8,3R08VXYT7CULYGD4B27R70L8GT27W7,39KV3A5D176P4FY11VSPLRMXEX8S7U,283147
8/31/20 10:30,8/31/20 10:30,9,2,5,1,1,A1GA4HHDI2TZI8,3GM6G9ZBKNWCR2GXK3453YBZ7ODMT5,3BDORL6HKJCJFHTKDN0VB39FT6HCRK,711917
8/31/20 10:30,8/31/20 10:30,1,1,5,1,1,A3NNBKMR1WMS7R,3RANCT1ZVFGV8ORPTJ46UEM7E3IBUY,3JGHED38ECQM01AA01KE3DAYVI57YO,258873
8/31/20 10:30,8/31/20 10:30,3,4,5,1,1,A1TANCQ1L17W81,3BQU611VFPJE03OPXOVJ7C43DI599V,31YWE12TEZBX0WK0V5YCKZ3PTCB7XI,695218
8/31/20 10:29,8/31/20 10:31,4,4,5,1,1,A1L4FEZIDSOSBX,33C7UALJVLXWXT2KOJACSAR9V0X81U,374UMBUHN4OWVW6CHC5QBIAXHRECTX,533424
8/31/20 10:30,8/31/20 10:31,1,3,5,1,1,A2K9HSMVUUZJSI,38JBBYETQO9UYT9UO4FEIIUYIN7E4E,3B9J25CZ24CVGWTXSC001DEBF80CS8,867856
8/31/20 10:30,8/31/20 10:31,6,3,5,1,1,AZFBGIFM2KLE9,374TNBHA8BUZT3DJM2YLSONJWRTQYM,39KV3A5D176P4FY11VSPLRMXEX8S7U,647140
8/31/20 10:31,8/31/20 10:31,6,4,6,1,1,A2R0BMZZT0RJHK,3UOUJI6MTDD2LRUQYFWOJBDZX65XUS,31YWE12TEZBX0WK0V5YCKZ3PTCB7XI,595692
8/31/20 10:30,8/31/20 10:31,3,2,5,1,1,A1F2KI81T97NW9,33LKR6A5KEJFVDU8RHL7J6NW9DJT15,39RRBHZ0AT0OGHLBELPDNYZ3NUFZVY,805413
8/31/20 10:32,8/31/20 10:32,10,1,5,1,1,A2H5LPO9LAAAZM,3TUI152ZZBM23X2GADRCE1C9P6KQ1O,3B9J25CZ24CVGWTXSC001DEBF80CS8,251230
8/31/20 10:32,8/31/20 10:32,2,4,5,2,1,A200RIU9CD4AJ8,3OXV7EAXLEP53IXBI8RXWPAFNPN36X,3M67TQBQQGNPI200ZS4IENJXNHQA9T,338749
8/31/20 10:32,8/31/20 10:33,5,2,5,1,1,A28UKEK37QVJCG,34QN5IT0TZQWQ4H2S06CE58ZQ8R80R,39TX062QX0NFZDJDTTVM7IR9OAOX32,420643
8/31/20 10:32,8/31/20 10:33,6,4,5,1,1,A61UOT8BQHJI9,3E337GFOL97E4FFRC4KYHULAMKHGNS,3VGET1QSZZYIBWFAL02QIGPIKA57WP,795426
8/31/20 10:32,8/31/20 10:33,6,3,5,1,1,A26BNL983RC4YZ,3VHHR074H3G5NM157O0PYP4SIMY7LE,39XCQ6V3KX35UDML6PAPM2C952H567,113923
8/31/20 10:33,8/31/20 10:33,5,3,7,1,1,ACD4U2IUYK5JP,3Z2R0DQ0JHDKVFU7KQWQP3X0Y99E2G,39KV3A5D176P4FY11VSPLRMXEX8S7U,724295
8/31/20 10:33,8/31/20 10:34,7,2,5,1,1,A1052JWUCJGX9A,3LBXNTKX0RU41Z6N041XNFQLKLWX92,39TX062QX0NFZDJDTTVM7IR9OAOX32,691677
8/31/20 10:34,8/31/20 10:34,1,1,4,1,1,A1376QCT0WY4UO,33LKR6A5KEJFVDU8RHL7J6NW9DK1TE,31YWE12TEZBX0WK0V5YCKZ3PTCB7XI,587238
8/31/20 10:34,8/31/20 10:35,4,2,5,1,1,A286HD8Z9V1O40,36TFCYNS449XG5O6YGPP0WO93Y4HXC,3M67TQBQQGNPI200ZS4IENJXNHQA9T,108143
8/31/20 10:36,8/31/20 10:37,5,5,5,1,1,A3NHVI45IXUNR4,3KYQYYSHYV6TAG5CBTJ3QYIIZ27DOV,39XCQ6V3KX35UDML6PAPM2C952H567,529395
8/31/20 10:37,8/31/20 10:38,8,2,6,1,1,A3LS8Y9T5JLI2D,308Q0PEVB8C7B4HS1I1WK536W8TI9O,32FESTC2NGPBV9L1HHV0GEWZ05LCUO,221031
8/31/20 10:38,8/31/20 10:39,7,3,5,1,1,A3LS8Y9T5JLI2D,308Q0PEVB8C7B4HS1I1WK536W8TI9O,32FESTC2NGPBV9L1HHV0GEWZ05LCUO,588489
8/31/20 10:42,8/31/20 10:42,5,2,4,1,1,A2ITO2EHKN78US,358UUM7WRZ2GQKWIC8XLK1DROEPR7Q,3JGHED38ECQM01AA01KE3DAYVI57YO,982555
8/31/20 10:42,8/31/20 10:43,6,2,5,1,1,A8BGHKGBA8O33,3BWI6RSP7G8RHGRDQ2DLLUE89PZ7ET,3TX9T2ZCB801V6LG4VU990IHU3HZW8,561868